{"stats":{"0":{"wins":45.447964,"losses":45.461956,"draws":9.09008},"1":{"wins":54.55723,"losses":37.365688,"draws":8.077082},"2":{"wins":62.631984,"losses":30.201862,"draws":7.166154},"3":{"wins":69.804642,"losses":23.93392,"draws":6.261438},"4":{"wins":76.057454,"losses":18.589626,"draws":5.35292},"5":{"wins":81.41912,"losses":14.136522,"draws":4.444358},"6":{"wins":85.85965,"losses":10.607172,"draws":3.533178},"7":{"wins":89.396366,"losses":7.977554,"draws":2.62608},"8":{"wins":92.016662,"losses":6.26465,"draws":1.718688},"9":{"wins":93.737608,"losses":5.453612,"draws":0.80878},"10":{"wins":94.544886,"losses":4.54616,"draws":0.908954},"11":{"wins":95.455312,"losses":3.736402,"draws":0.808286},"12":{"wins":96.26539,"losses":3.017412,"draws":0.717198},"13":{"wins":96.977886,"losses":2.395958,"draws":0.626156},"14":{"wins":97.60824,"losses":1.855944,"draws":0.535816},"15":{"wins":98.143066,"losses":1.412566,"draws":0.444368},"16":{"wins":98.590266,"losses":1.056622,"draws":0.353112},"17":{"wins":98.939064,"losses":0.799146,"draws":0.26179},"18":{"wins":99.202102,"losses":0.625786,"draws":0.172112},"19":{"wins":99.37254,"losses":0.546482,"draws":0.080978},"20":{"wins":99.455038,"losses":0.454,"draws":0.090962},"21":{"wins":99.545112,"losses":0.374066,"draws":0.080822}}}