{"statsByAdvantage":{"0":{"wins":37.3873,"losses":37.4459,"draws":25.1668},"1":{"wins":45.4773,"losses":30.2491,"draws":24.2736},"2":{"wins":54.5558,"losses":23.9206,"draws":21.5236},"3":{"wins":62.6114,"losses":18.626,"draws":18.7626},"4":{"wins":69.727,"losses":14.1754,"draws":16.0976},"5":{"wins":75.9596,"losses":10.6647,"draws":13.3757},"6":{"wins":81.4237,"losses":7.993,"draws":10.5833},"7":{"wins":85.9135,"losses":6.227,"draws":7.8595},"8":{"wins":89.4004,"losses":5.4577,"draws":5.1419},"9":{"wins":91.9624,"losses":4.5827,"draws":3.4549},"10":{"wins":93.7408,"losses":3.7488,"draws":2.5104},"11":{"wins":94.5771,"losses":3.0204,"draws":2.4025},"12":{"wins":95.4578,"losses":2.4128,"draws":2.1294},"13":{"wins":96.2532,"losses":1.8592,"draws":1.8876},"14":{"wins":96.9851,"losses":1.4177,"draws":1.5972},"15":{"wins":97.6062,"losses":1.0571,"draws":1.3367},"16":{"wins":98.1379,"losses":0.7937,"draws":1.0684},"17":{"wins":98.589,"losses":0.6146,"draws":0.7964},"18":{"wins":98.9264,"losses":0.5519,"draws":0.5217},"19":{"wins":99.1923,"losses":0.4661,"draws":0.3416},"20":{"wins":99.3684,"losses":0.3677,"draws":0.2639},"21":{"wins":99.4542,"losses":0.3038,"draws":0.242}},"statsByAdvantageNoDraw":{"0":{"wins":50.0091,"losses":49.9909,"draws":0},"1":{"wins":60.0485,"losses":39.9515,"draws":0},"2":{"wins":69.441,"losses":30.559,"draws":0},"3":{"wins":77.0607,"losses":22.9393,"draws":0},"4":{"wins":83.1123,"losses":16.8877,"draws":0},"5":{"wins":87.7946,"losses":12.2054,"draws":0},"6":{"wins":91.0804,"losses":8.9196,"draws":0},"7":{"wins":93.2132,"losses":6.7868,"draws":0},"8":{"wins":94.2524,"losses":5.7476,"draws":0},"9":{"wins":95.2807,"losses":4.7193,"draws":0},"10":{"wins":96.1757,"losses":3.8243,"draws":0},"11":{"wins":96.8983,"losses":3.1017,"draws":0},"12":{"wins":97.5596,"losses":2.4404,"draws":0},"13":{"wins":98.1171,"losses":1.8829,"draws":0},"14":{"wins":98.5684,"losses":1.4316,"draws":0},"15":{"wins":98.9255,"losses":1.0745,"draws":0},"16":{"wins":99.199,"losses":0.801,"draws":0},"17":{"wins":99.3704,"losses":0.6296,"draws":0},"18":{"wins":99.453,"losses":0.547,"draws":0},"19":{"wins":99.5461,"losses":0.4539,"draws":0},"20":{"wins":99.628,"losses":0.372,"draws":0},"21":{"wins":99.7041,"losses":0.2959,"draws":0}},"diffBreakdown":[{"result":"-1","percentage":-0.000001,"cumulativePercentage":null},{"result":"-10","percentage":-0.00001,"cumulativePercentage":null},{"result":"-11","percentage":-0.000011,"cumulativePercentage":null},{"result":"-12","percentage":-0.000012,"cumulativePercentage":null},{"result":"-13","percentage":-0.000013,"cumulativePercentage":null},{"result":"-14","percentage":-0.000014,"cumulativePercentage":null},{"result":"-15","percentage":-0.000015,"cumulativePercentage":null},{"result":"-16","percentage":-0.000016,"cumulativePercentage":null},{"result":"-17","percentage":-0.000017,"cumulativePercentage":null},{"result":"-18","percentage":-0.000018,"cumulativePercentage":null},{"result":"-19","percentage":-0.000019,"cumulativePercentage":null},{"result":"-2","percentage":-0.000002,"cumulativePercentage":null},{"result":"-20","percentage":-0.00002,"cumulativePercentage":null},{"result":"-21","percentage":-0.000021,"cumulativePercentage":null},{"result":"-22","percentage":-0.000022,"cumulativePercentage":null},{"result":"-23","percentage":-0.000023,"cumulativePercentage":null},{"result":"-24","percentage":-0.000024,"cumulativePercentage":null},{"result":"-25","percentage":-0.000025,"cumulativePercentage":null},{"result":"-26","percentage":-0.000026,"cumulativePercentage":null},{"result":"-27","percentage":-0.000027,"cumulativePercentage":null},{"result":"-28","percentage":-0.000028,"cumulativePercentage":null},{"result":"-29","percentage":-0.000029,"cumulativePercentage":null},{"result":"-3","percentage":-0.000003,"cumulativePercentage":null},{"result":"-30","percentage":-0.00003,"cumulativePercentage":null},{"result":"-31","percentage":-0.000031,"cumulativePercentage":null},{"result":"-32","percentage":-0.000032,"cumulativePercentage":null},{"result":"-33","percentage":-0.000033,"cumulativePercentage":null},{"result":"-34","percentage":-0.000034,"cumulativePercentage":null},{"result":"-35","percentage":-0.000035,"cumulativePercentage":null},{"result":"-36","percentage":-0.000036,"cumulativePercentage":null},{"result":"-37","percentage":-0.000037,"cumulativePercentage":null},{"result":"-38","percentage":-0.000038,"cumulativePercentage":null},{"result":"-39","percentage":-0.000039,"cumulativePercentage":null},{"result":"-4","percentage":-0.000004,"cumulativePercentage":null},{"result":"-40","percentage":-0.00004,"cumulativePercentage":null},{"result":"-41","percentage":-0.000041,"cumulativePercentage":null},{"result":"-42","percentage":-0.000042,"cumulativePercentage":null},{"result":"-43","percentage":-0.000043,"cumulativePercentage":null},{"result":"-44","percentage":-0.000044,"cumulativePercentage":null},{"result":"-45","percentage":-0.000045,"cumulativePercentage":null},{"result":"-46","percentage":-0.000046,"cumulativePercentage":null},{"result":"-47","percentage":-0.000047,"cumulativePercentage":null},{"result":"-48","percentage":-0.000048,"cumulativePercentage":null},{"result":"-49","percentage":-0.000049,"cumulativePercentage":null},{"result":"-5","percentage":-0.000005,"cumulativePercentage":null},{"result":"-50","percentage":-0.00005,"cumulativePercentage":null},{"result":"-52","percentage":-0.000052,"cumulativePercentage":null},{"result":"-53","percentage":-0.000053,"cumulativePercentage":null},{"result":"-54","percentage":-0.000054,"cumulativePercentage":null},{"result":"-55","percentage":-0.000055,"cumulativePercentage":null},{"result":"-56","percentage":-0.000056,"cumulativePercentage":null},{"result":"-59","percentage":-0.000059,"cumulativePercentage":null},{"result":"-6","percentage":-0.000006,"cumulativePercentage":null},{"result":"-7","percentage":-0.000007,"cumulativePercentage":null},{"result":"-8","percentage":-0.000008,"cumulativePercentage":null},{"result":"-9","percentage":-0.000009,"cumulativePercentage":null},{"result":"0","percentage":0,"cumulativePercentage":null},{"result":"1","percentage":0.000001,"cumulativePercentage":null},{"result":"10","percentage":0.00001,"cumulativePercentage":null},{"result":"11","percentage":0.000011,"cumulativePercentage":null},{"result":"12","percentage":0.000012,"cumulativePercentage":null},{"result":"13","percentage":0.000013,"cumulativePercentage":null},{"result":"14","percentage":0.000014,"cumulativePercentage":null},{"result":"15","percentage":0.000015,"cumulativePercentage":null},{"result":"16","percentage":0.000016,"cumulativePercentage":null},{"result":"17","percentage":0.000017,"cumulativePercentage":null},{"result":"18","percentage":0.000018,"cumulativePercentage":null},{"result":"19","percentage":0.000019,"cumulativePercentage":null},{"result":"2","percentage":0.000002,"cumulativePercentage":null},{"result":"20","percentage":0.00002,"cumulativePercentage":null},{"result":"21","percentage":0.000021,"cumulativePercentage":null},{"result":"22","percentage":0.000022,"cumulativePercentage":null},{"result":"23","percentage":0.000023,"cumulativePercentage":null},{"result":"24","percentage":0.000024,"cumulativePercentage":null},{"result":"25","percentage":0.000025,"cumulativePercentage":null},{"result":"26","percentage":0.000026,"cumulativePercentage":null},{"result":"27","percentage":0.000027,"cumulativePercentage":null},{"result":"28","percentage":0.000028,"cumulativePercentage":null},{"result":"29","percentage":0.000029,"cumulativePercentage":null},{"result":"3","percentage":0.000003,"cumulativePercentage":null},{"result":"30","percentage":0.00003,"cumulativePercentage":null},{"result":"31","percentage":0.000031,"cumulativePercentage":null},{"result":"32","percentage":0.000032,"cumulativePercentage":null},{"result":"33","percentage":0.000033,"cumulativePercentage":null},{"result":"34","percentage":0.000034,"cumulativePercentage":null},{"result":"35",